epoch,train_loss,train_accuracy,validation_loss,validation_accuracy
1,0.708498941898346,0.508,0.7269387817382813,0.465
2,0.7036990184783936,0.505,0.7102094841003418,0.46
3,0.6918000931739807,0.514,0.6887642097473144,0.48
4,0.6768488283157349,0.547,0.6637485122680664,0.525
5,0.6632625522613526,0.607,0.6480516815185546,0.62
6,0.6525267496109008,0.619,0.6357090187072754,0.65
7,0.6502111601829529,0.628,0.628977108001709,0.655
8,0.6411392912864685,0.63,0.6252721214294433,0.665
9,0.6383655228614807,0.645,0.6208547019958496,0.675
10,0.6378420934677124,0.637,0.6174873161315918,0.68
11,0.6332726645469665,0.646,0.6132695007324219,0.68
12,0.63281662940979,0.638,0.6110591316223144,0.675
13,0.6325841875076293,0.647,0.6111270904541015,0.685
14,0.6287799468040466,0.649,0.6096244812011719,0.695
15,0.6273821330070496,0.652,0.6079328346252442,0.695
16,0.6260262246131897,0.639,0.6065128707885742,0.695
17,0.6245622048377991,0.655,0.6063097381591797,0.695
18,0.6210688185691834,0.649,0.6057868576049805,0.69
19,0.6233264150619506,0.656,0.6049434280395508,0.695
20,0.622060396194458,0.652,0.6035974693298339,0.7
21,0.6232437672615051,0.654,0.6032470321655273,0.7
22,0.619588529586792,0.656,0.6027543640136719,0.69
23,0.6242072448730469,0.641,0.6026770591735839,0.695
24,0.6189830932617187,0.646,0.602028865814209,0.69
25,0.6188518152236938,0.653,0.6019682121276856,0.69
26,0.6187235016822815,0.662,0.6017503929138184,0.69
27,0.6213252463340759,0.654,0.6012020874023437,0.69
28,0.6182988901138305,0.656,0.6013969993591308,0.69
29,0.6207857713699341,0.664,0.6018577194213868,0.69
30,0.6197463779449462,0.65,0.6011012077331543,0.69
