grid,condition,node,frequency_hz,mean_raw_feature
0,baseline,0,2.0,245695.21875
0,baseline,1,3.236,84028.21875
0,baseline,2,5.235848000000001,24328.115234375
0,baseline,3,8.471602064000002,5159.2568359375
0,baseline,4,13.707052139552003,1291.6064453125
0,baseline,5,22.178010361795142,413.9526672363281
0,baseline,6,35.88402076538454,142.2245635986328
0,baseline,7,58.060345598392196,40.083641052246094
0,baseline,8,93.94163917819859,13.656996726989746
0,baseline,9,151.99757219032531,6.0558576583862305
0,baseline,10,245.93207180394637,3.5207526683807373
0,low_damped,0,2.0,2483.846435546875
0,low_damped,1,3.236,2130.968994140625
0,low_damped,2,5.235848000000001,1498.1187744140625
0,low_damped,3,8.471602064000002,750.080810546875
0,low_damped,4,13.707052139552003,1291.6064453125
0,low_damped,5,22.178010361795142,413.9526672363281
0,low_damped,6,35.88402076538454,142.2245635986328
0,low_damped,7,58.060345598392196,40.083641052246094
0,low_damped,8,93.94163917819859,13.656996726989746
0,low_damped,9,151.99757219032531,6.0558576583862305
0,low_damped,10,245.93207180394637,3.5207526683807373
0,high_damped,0,2.0,245695.21875
0,high_damped,1,3.236,84028.21875
0,high_damped,2,5.235848000000001,24328.115234375
0,high_damped,3,8.471602064000002,5159.2568359375
0,high_damped,4,13.707052139552003,1291.6064453125
0,high_damped,5,22.178010361795142,413.9526672363281
0,high_damped,6,35.88402076538454,142.2245635986328
0,high_damped,7,58.060345598392196,8.568615913391113
0,high_damped,8,93.94163917819859,2.7414743900299072
0,high_damped,9,151.99757219032531,1.1602555513381958
0,high_damped,10,245.93207180394637,0.6660575270652771
1,baseline,0,1.902458849001428,273317.03125
1,baseline,1,3.0781784176843106,94444.6171875
1,baseline,2,4.980492679813215,28022.130859375
1,baseline,3,8.058437155937783,6137.97021484375
1,baseline,4,13.038551318307332,1437.4407958984375
1,baseline,5,21.096376033021265,468.924072265625
1,baseline,6,34.13393642142841,155.50360107421875
1,baseline,7,55.22870912987117,47.91594314575195
1,baseline,8,89.36005137213157,15.268869400024414
1,baseline,9,144.58456312010887,6.447988986968994
1,baseline,10,233.9378231283362,3.5213675498962402
1,low_damped,0,1.902458849001428,2507.296142578125
1,low_damped,1,3.0781784176843106,2180.217041015625
1,low_damped,2,4.980492679813215,1575.32373046875
1,low_damped,3,8.058437155937783,820.7882690429688
1,low_damped,4,13.038551318307332,1437.4407958984375
1,low_damped,5,21.096376033021265,468.924072265625
1,low_damped,6,34.13393642142841,155.50360107421875
1,low_damped,7,55.22870912987117,47.91594314575195
1,low_damped,8,89.36005137213157,15.268869400024414
1,low_damped,9,144.58456312010887,6.447988986968994
1,low_damped,10,233.9378231283362,3.5213675498962402
1,high_damped,0,1.902458849001428,273317.03125
1,high_damped,1,3.0781784176843106,94444.6171875
1,high_damped,2,4.980492679813215,28022.130859375
1,high_damped,3,8.058437155937783,6137.97021484375
1,high_damped,4,13.038551318307332,1437.4407958984375
1,high_damped,5,21.096376033021265,468.924072265625
1,high_damped,6,34.13393642142841,155.50360107421875
1,high_damped,7,55.22870912987117,9.727039337158203
1,high_damped,8,89.36005137213157,3.0672836303710938
1,high_damped,9,144.58456312010887,1.2578473091125488
1,high_damped,10,233.9378231283362,0.6791624426841736
2,baseline,0,1.809674836071919,303856.625
2,baseline,1,2.928053884764365,105995.109375
2,baseline,2,4.737591185548744,32166.279296875
2,baseline,3,7.665422538217868,7294.3935546875
2,baseline,4,12.402653666836509,1609.9810791015625
2,baseline,5,20.067493632941474,533.2080078125
2,baseline,6,32.469204698099304,170.44448852539062
2,baseline,7,52.53517320152468,58.65166091918945
2,baseline,8,85.00191024006695,16.567197799682617
2,baseline,9,137.5330907684283,7.08461856842041
2,baseline,10,222.52854086331703,4.128014087677002
2,low_damped,0,1.809674836071919,2528.852783203125
2,low_damped,1,2.928053884764365,2226.254150390625
2,low_damped,2,4.737591185548744,1650.5479736328125
2,low_damped,3,7.665422538217868,894.4653930664062
2,low_damped,4,12.402653666836509,1609.9810791015625
2,low_damped,5,20.067493632941474,533.2080078125
2,low_damped,6,32.469204698099304,170.44448852539062
2,low_damped,7,52.53517320152468,58.65166091918945
2,low_damped,8,85.00191024006695,16.567197799682617
2,low_damped,9,137.5330907684283,7.08461856842041
2,low_damped,10,222.52854086331703,4.128014087677002
2,high_damped,0,1.809674836071919,303856.625
2,high_damped,1,2.928053884764365,105995.109375
2,high_damped,2,4.737591185548744,32166.279296875
2,high_damped,3,7.665422538217868,7294.3935546875
2,high_damped,4,12.402653666836509,1609.9810791015625
2,high_damped,5,20.067493632941474,533.2080078125
2,high_damped,6,32.469204698099304,170.44448852539062
2,high_damped,7,52.53517320152468,11.077370643615723
2,high_damped,8,85.00191024006695,3.425952672958374
2,high_damped,9,137.5330907684283,1.3925431966781616
2,high_damped,10,222.52854086331703,0.7367697954177856
3,baseline,0,1.721415952850116,337605.625
3,baseline,1,2.785251011711488,118775.2109375
3,baseline,2,4.506536136949188,36800.30078125
3,baseline,3,7.291575469583787,8648.3251953125
3,baseline,4,11.797769109786566,1819.6190185546875
3,baseline,5,19.088790419634666,607.1222534179688
3,baseline,6,30.885662898968892,188.7787628173828
3,baseline,7,49.97300257053167,69.4084243774414
3,baseline,8,80.85631815912025,18.13555145263672
3,baseline,9,130.82552278145658,7.362362861633301
3,baseline,10,211.67569586039676,4.0312628746032715
3,low_damped,0,1.721415952850116,2548.52197265625
3,low_damped,1,2.785251011711488,2269.1865234375
3,low_damped,2,4.506536136949188,1723.3349609375
3,low_damped,3,7.291575469583787,970.6296997070312
3,low_damped,4,11.797769109786566,1819.6190185546875
3,low_damped,5,19.088790419634666,607.1222534179688
3,low_damped,6,30.885662898968892,188.7787628173828
3,low_damped,7,49.97300257053167,69.4084243774414
3,low_damped,8,80.85631815912025,18.13555145263672
3,low_damped,9,130.82552278145658,7.362362861633301
3,low_damped,10,211.67569586039676,4.0312628746032715
3,high_damped,0,1.721415952850116,337605.625
3,high_damped,1,2.785251011711488,118775.2109375
3,high_damped,2,4.506536136949188,36800.30078125
3,high_damped,3,7.291575469583787,8648.3251953125
3,high_damped,4,11.797769109786566,1819.6190185546875
3,high_damped,5,19.088790419634666,607.1222534179688
3,high_damped,6,30.885662898968892,188.7787628173828
3,high_damped,7,49.97300257053167,12.584568977355957
3,high_damped,8,80.85631815912025,3.8199188709259033
3,high_damped,9,130.82552278145658,1.5256588459014893
3,high_damped,10,211.67569586039676,0.7807539105415344
