grid,start_hz,seed,condition,delta_accuracy_pp
0,2.0,101,low_damped,-0.8000000000000007
0,2.0,101,high_damped,1.9500000000000073
0,2.0,202,low_damped,0.0
0,2.0,202,high_damped,0.30000000000000027
0,2.0,303,low_damped,0.0
0,2.0,303,high_damped,0.24999999999999467
1,1.902458849001428,101,low_damped,-0.6000000000000005
1,1.902458849001428,101,high_damped,1.6000000000000014
1,1.902458849001428,202,low_damped,-0.30000000000000027
1,1.902458849001428,202,high_damped,-0.649999999999995
1,1.902458849001428,303,low_damped,1.749999999999996
1,1.902458849001428,303,high_damped,1.749999999999996
2,1.809674836071919,101,low_damped,0.5000000000000004
2,1.809674836071919,101,high_damped,4.199999999999992
2,1.809674836071919,202,low_damped,0.10000000000000009
2,1.809674836071919,202,high_damped,1.200000000000001
2,1.809674836071919,303,low_damped,-0.20000000000000018
2,1.809674836071919,303,high_damped,1.0499999999999954
3,1.721415952850116,101,low_damped,-0.7499999999999951
3,1.721415952850116,101,high_damped,1.4000000000000012
3,1.721415952850116,202,low_damped,0.6500000000000061
3,1.721415952850116,202,high_damped,0.35000000000000586
3,1.721415952850116,303,low_damped,-0.20000000000000018
3,1.721415952850116,303,high_damped,0.24999999999999467
