grid,start_hz,condition,seed,best_epoch,validation_accuracy,test_accuracy,test_loss,seconds
0,2.0,baseline,101,23,0.69,0.6355,0.6402713832855225,16.455653799988795
0,2.0,low_damped,101,15,0.715,0.6275,0.6386631069183349,16.0353604000411
0,2.0,high_damped,101,20,0.715,0.655,0.6283348846435547,15.610336899990216
0,2.0,baseline,202,20,0.7,0.6595,0.6160026836395264,15.660359200031962
0,2.0,low_damped,202,19,0.69,0.6595,0.6157931575775146,16.091505000018515
0,2.0,high_damped,202,13,0.735,0.6625,0.6140709800720214,15.72772799996892
0,2.0,baseline,303,15,0.71,0.678,0.6078773097991943,16.42193979996955
0,2.0,low_damped,303,11,0.705,0.678,0.609030309677124,16.196009300008882
0,2.0,high_damped,303,21,0.71,0.6805,0.6059938087463379,16.154924200032838
1,1.8090234857849197,baseline,101,14,0.705,0.618,0.6459713401794434,15.907547699986026
1,1.8090234857849197,low_damped,101,19,0.725,0.6265,0.6457491836547852,16.75589879998006
1,1.8090234857849197,high_damped,101,16,0.73,0.6605,0.6212111530303955,16.404405399982352
1,1.8090234857849197,baseline,202,22,0.7,0.674,0.6174199657440186,16.305619800055865
1,1.8090234857849197,low_damped,202,19,0.695,0.6755,0.6175302333831787,14.405720900045708
1,1.8090234857849197,high_damped,202,27,0.71,0.685,0.5994423980712891,9.558073099993635
1,1.8090234857849197,baseline,303,11,0.72,0.659,0.6224400787353516,9.27275170001667
1,1.8090234857849197,low_damped,303,17,0.705,0.658,0.6162092761993408,15.910753900010604
1,1.8090234857849197,high_damped,303,21,0.71,0.671,0.6127187767028809,15.367375899979379
2,1.6180469715698393,baseline,101,19,0.74,0.66,0.6277130126953125,17.50891540001612
2,1.6180469715698393,low_damped,101,22,0.755,0.652,0.6246349754333496,17.411742399970535
2,1.6180469715698393,high_damped,101,13,0.74,0.6565,0.619373046875,10.942735899996478
2,1.6180469715698393,baseline,202,23,0.735,0.665,0.6187926349639893,12.376565600046888
2,1.6180469715698393,low_damped,202,21,0.73,0.666,0.6171836986541748,17.581931499997154
2,1.6180469715698393,high_damped,202,13,0.715,0.6695,0.6159988632202148,16.657533599995077
2,1.6180469715698393,baseline,303,24,0.755,0.668,0.6195160675048829,17.73475389997475
2,1.6180469715698393,low_damped,303,19,0.745,0.6685,0.6161350708007812,21.272560100012925
2,1.6180469715698393,high_damped,303,15,0.71,0.67,0.617153865814209,11.978522400022484
3,1.4270704573547588,baseline,101,13,0.685,0.649,0.6301777076721191,25.488589799962938
3,1.4270704573547588,low_damped,101,14,0.68,0.6495,0.627559103012085,22.013353799993638
3,1.4270704573547588,high_damped,101,14,0.705,0.666,0.6152398872375489,21.087963000056334
3,1.4270704573547588,baseline,202,14,0.715,0.6765,0.6171192531585693,18.581588500004727
3,1.4270704573547588,low_damped,202,9,0.715,0.646,0.6311075859069825,19.26136989996303
3,1.4270704573547588,high_damped,202,11,0.725,0.6745,0.6166977214813233,19.65488559997175
3,1.4270704573547588,baseline,303,16,0.705,0.65,0.6283826103210449,18.50650630000746
3,1.4270704573547588,low_damped,303,11,0.705,0.647,0.6352742424011231,23.144009199982975
3,1.4270704573547588,high_damped,303,22,0.725,0.6715,0.6167766361236572,16.45250010001473
