grid,start_hz,condition,mean_test_accuracy,sd_training_seeds,n_training_seeds
0,2.0,baseline,0.6576666666666666,0.0213092311764957,3
1,1.8090234857849197,baseline,0.6503333333333333,0.028988503468329235,3
2,1.6180469715698393,baseline,0.6643333333333333,0.004041451884327368,3
3,1.4270704573547588,baseline,0.6585000000000001,0.015596473960482235,3
0,2.0,low_damped,0.655,0.025548972582082524,3
1,1.8090234857849197,low_damped,0.6533333333333333,0.02483109609609159,3
2,1.6180469715698393,low_damped,0.6621666666666667,0.008892881047969382,3
3,1.4270704573547588,low_damped,0.6475,0.001802775637731971,3
0,2.0,high_damped,0.666,0.013105342422081142,3
1,1.8090234857849197,high_damped,0.6721666666666668,0.012291596044994873,3
2,1.6180469715698393,high_damped,0.6653333333333333,0.007653975002136747,3
3,1.4270704573547588,high_damped,0.6706666666666667,0.004310839052125826,3
